	FRAP	Phenolics	Flavonoids
Terpenoids	0.2857764230964366	0.23593006287915902	0.21402150926646127
